category,town,name,url,,,live_on_site
Food & Drink,Ann Arbor,Afternoon Delight,https://www.afternoondelightcafe.com/specials/,,,TRUE
Food & Drink,Ann Arbor,Angelo's,https://www.angelosa2.com/store/gift-cards/,,,TRUE
Food & Drink,Ann Arbor,Arbor Brewing Co.,https://arborbrewing.com/contact/,,,TRUE
Food & Drink,Ann Arbor,Ashley's,http://www.ashleys.com/newsite/#!/store,,,TRUE
Food & Drink,Ann Arbor,Avalon Cafe & Kitchen,https://squareup.com/store/avalon-international-breads/,,,TRUE
Food & Drink,Ann Arbor,Aventura,https://www.savcohospitality.com/gift-cards,,,TRUE
Food & Drink,Ann Arbor,Bar Louie,https://www.barlouie.com/gift-cards,,,TRUE
Food & Drink,Ann Arbor,Barry Bagels,https://barry-gear.myshopify.com/,,,TRUE
Food & Drink,Ann Arbor,Bearclaw Coffee Co.,https://www.bearclawcoffee.com/online-store,,,TRUE
Food & Drink,Ann Arbor,Biercamp,https://squareup.com/gift/1S9HKPQ7A1R3S/order,,,TRUE
Food & Drink,Ann Arbor,Black Diesel Coffee,https://blackdieselcoffee.com/bdc-shop/,,,TRUE
Food & Drink,Ann Arbor,Black Pearl Ann Arbor,https://www.blackpearlannarbor.com/home?rq=gift%20card,,,TRUE
Food & Drink,Ann Arbor,Blank Slate Creamery,https://squareup.com/gift/9QFFCPCZVBV9Q/order,,,TRUE
Food & Drink,Ann Arbor,Blue Llama Jazz Club,https://www.bluellamaclub.com/store/,,,TRUE
Food & Drink,Ann Arbor,Blom Meadworks,http://www.drinkblom.com/shop,,,TRUE
Food & Drink,Ann Arbor,Blue Nile Ethiopian Restaurant,http://www.bluenilemi.com/bluenile/27/content.html,,,TRUE
Food & Drink,Ann Arbor,Blue Tractor BBQ & Brewery,https://mission86.worldsecuresystems.com/bta/a2/gift-card,,,TRUE
Food & Drink,Ann Arbor,BTB Burrito,https://www.toasttab.com/btbburrito/giftcards,,,TRUE
Food & Drink,Ann Arbor,Cardamom,http://www.cardamoma2.com/gift-cards.html,,,TRUE
Food & Drink,Ann Arbor,Carson's American Bistro,http://carsonsamericanbistro.com/giftcards/,,,TRUE
Food & Drink,Ann Arbor,Chop House,https://thechophouseannarbor.com/giftcards/,,,TRUE
Food & Drink,Ann Arbor,Comet Coffee,https://mkt.com/comet-coffee,,,TRUE
Food & Drink,Ann Arbor,Cottage Inn Pizza,https://cottageinn.com/product/gift-card/,,,TRUE
Food & Drink,Ann Arbor,Detroit Street Filling Station,https://thelunchrooma2.com/gift-cards-2,,,TRUE
Food & Drink,Ann Arbor,DiBella's Subs,https://www.dibellas.com/our-story#giftcards,,,TRUE
Food & Drink,Ann Arbor,Everest Sherpa,https://www.everestsherparestaurant.com/gift-card,,,TRUE
Food & Drink,Ann Arbor,Frita Batidos,https://squareup.com/gift/T2B8FSYJSAZNF/order,,,TRUE
Food & Drink,Ann Arbor,Grand Traverse Pie Co.,https://gtpie.com/pie-dough-club/about-dough-card/,,,TRUE
Food & Drink,Ann Arbor,Grange Kitchen & Bar,https://squareup.com/gift/VVVSEGX08KAD3/order,,,TRUE
Food & Drink,Ann Arbor,Gratzi,http://gratzirestaurant.com/giftcards/,,,TRUE
Food & Drink,Ann Arbor,Grizzly Peak Brewing Co.,https://www.grizzlypeak.net/gift-cards,,,TRUE
Food & Drink,Ann Arbor,Homes Brewery,http://www.homesbrewery.com/shop,,,TRUE
Food & Drink,Ann Arbor,Hopcat Ann Arbor,https://hopcat.myguestaccount.com/guest/egift,,,TRUE
Food & Drink,Ann Arbor,Isalita,https://www.toasttab.com/isalita-cantina/giftcards,,,TRUE
Food & Drink,Ann Arbor|Dearborn|Detroit|Dexter|Grand Rapids|Royal Oak|Traverse City,Jolly Pumpkin,https://nubco.worldsecuresystems.com/jp/GiftCards,,,TRUE
Food & Drink,Ann Arbor,Knight's Steakhouse,https://knightsrestaurants.com/gift-cards,,,TRUE
Food & Drink,Ann Arbor,La Dolce Vita,http://thechophouseannarbor.com/giftcards/,,,TRUE
Food & Drink,Ann Arbor,Logan Restaurant,http://logan-restaurant.com/gift-certificates,,,TRUE
Food & Drink,Ann Arbor,Mani Osteria & Bar,https://www.toasttab.com/mani-osteria-bar/giftcards,,,TRUE
Food & Drink,Ann Arbor,Mikette Bistro,http://www.mikettea2.com/gift-cards,,,TRUE
Food & Drink,Ann Arbor,Miss Kim,https://squareup.com/gift/3HJRS5Y1XNDHM/order,,,TRUE
Food & Drink,Ann Arbor,Monahan's Seafood Market,https://monahansseafood.com/shop/store/,,,TRUE
Food & Drink,Ann Arbor,Old Town Tavern,http://oldtownaa.com/shop/,,,TRUE
Food & Drink,Ann Arbor,Paesano Restaurant & Wine Bar,https://www.paesanoannarbor.com/paesanosannarbor,,,TRUE
Food & Drink,Ann Arbor,Palio,https://palioannarbor.com/giftcards/,,,TRUE
Food & Drink,Ann Arbor,Palm Palace,https://palmpalace.com/giftcard/,,,TRUE
Food & Drink,Ann Arbor,Pizza House,https://onelink.quickgifts.com/merchant/the-pizza-house-mi/,,,TRUE
Food & Drink,Ann Arbor,Pointless Brewery & Theatre,https://www.pointlessbrew.com/giftcards,,,TRUE
Food & Drink,Ann Arbor,Pretzel Bell,https://mission86.worldsecuresystems.com/pb/Pretzel-Bell-Gift-Cards.html,,,TRUE
Food & Drink,Ann Arbor,Prickly Pear Southwest Cafe,https://squareup.com/gift/RD9QR44S55PWG/order,,,TRUE
Food & Drink,Ann Arbor,Rappourt,https://www.toasttab.com/Rappourt/giftcards,,,TRUE
Food & Drink,Ann Arbor,Real Seafood Co.,http://realseafoodcoannarbor.com/gifts/,,,TRUE
Food & Drink,Ann Arbor,RoosRoast,https://www.roosroast.com/collections/gift-guide,,,TRUE
Food & Drink,Ann Arbor,Salads Up,https://www.toasttab.com/salads-up-madison/giftcards,,,TRUE
Food & Drink,Ann Arbor,Satchel's BBQ,https://squareup.com/gift/10RMGJMJX06NE/order,,,TRUE
Food & Drink,Ann Arbor,Sava's,https://www.savcohospitality.com/gift-cards,,,TRUE
Food & Drink,Ann Arbor,Seva,https://www.sevarestaurant.com/ann-arbor/,,,TRUE
Food & Drink,Ann Arbor,Slurping Turtle,https://slurpingturtle.securetree.com/,,,TRUE
Food & Drink,Ann Arbor,Spencer,http://www.spencerannarbor.com/gift-cards,,,TRUE
Food & Drink,Ann Arbor,Sweetwaters Coffee & Tea,https://sweetwaterscafe.myshopify.com/collections/gift-cards,,,TRUE
Food & Drink,Ann Arbor,Taste Kitchen,https://swipeit.com/product/1749/taste-kitchen,,,TRUE
Food & Drink,Ann Arbor,Teahaus,https://teahaus.com/products/gift-card,,,TRUE
Food & Drink,Ann Arbor,Teaspressa,https://teaspressa.com/products/gift-card,,,TRUE
Food & Drink,Ann Arbor,The Big Salad,https://www.mybigsalad.com/gift-card/,,,TRUE
Food & Drink,Ann Arbor,The Earle,https://theearle.com/gift-certificates/,,,TRUE
Food & Drink,Ann Arbor,The Grotto Watering Hole,https://www.toasttab.com/thegrotto/giftcards,,,TRUE
Food & Drink,Ann Arbor,The Lunch Room,https://thelunchrooma2.com/gift-cards-2,,,TRUE
Food & Drink,Ann Arbor,The Original Cottage Inn,https://www.originalcottageinn.com/gift-cards/,,,TRUE
Food & Drink,Ann Arbor,The Raven's Club,http://theravensclub.com/store/,,,TRUE
Food & Drink,Ann Arbor,The Songbird Cafe,https://www.thesongbirdcafeannarbor.com/store,,,TRUE
Food & Drink,Ann Arbor,The Standard Bistro & Larder,https://www.toasttab.com/the-standard-bistro-larder/giftcards,,,TRUE
Food & Drink,Ann Arbor,Vinology,https://vinowinebars.cardfoundry.com/giftcards.php,,,TRUE
Food & Drink,Ann Arbor,Weber's Restaurant,https://www.webersrestaurant.com/gift-card/,,,TRUE
Food & Drink,Ann Arbor,Wilma's,https://www.savcohospitality.com/gift-cards,,,TRUE
Food & Drink,Ann Arbor,Wolverine State Brewing Co.,https://www.wolverinebeer.com/merchandise,,,TRUE
Food & Drink,Ann Arbor,York Food + Drink,https://www.toasttab.com/yorka2/giftcards,,,TRUE
Food & Drink,Ann Arbor,Zingerman's (All locations),https://www.zingermans.com/Product.aspx?ProductID=G-GIF,,,TRUE
Food & Drink,Chelsea,Common Grill,https://www.commongrill.com/store/gift-cards/,,,TRUE
Books & Gifts,Ann Arbor,Rock Paper Scissors,https://rockpaperscissorsshop.com/products/gift-card,,,TRUE
Books & Gifts,Ann Arbor,Literati,https://www.literatibookstore.com/literati-gift-cards,,,TRUE
Food & Drink,Ypsilanti,Sidetrack Bar & Grill,https://sidetrack-bar-and-grill.myshopify.com/products/gift-cards,,,TRUE
Food & Drink,Ypsilanti,Beezy's Cafe,https://squareup.com/gift/9VGA49B74R4RM/order,,,TRUE
Food & Drink,Ypsilanti,Red Rock Barbecue,https://www.toasttab.com/red-rock-downtown-barbecue/giftcards,,,TRUE
Food & Drink,Ypsilanti,Tower Inn Cafe,https://www.towerinncafe.com/shop,,,TRUE
Food & Drink,Ypsilanti,Sweetwaters Coffee & Tea,https://sweetwaterscafe.myshopify.com/collections/gift-cards,,,TRUE
Books & Gifts,Saline,Rock Paper Scissors,https://rockpaperscissorsshop.com/products/gift-card,,,TRUE
Food & Drink,East Lansing,Crunchy's,https://www.toasttab.com/crunchy-s/giftcards,,,TRUE
Food & Drink,Albion ,Albion Malleable Brewing Co.,https://squareup.com/gift/2TSJWJVJTG21T/order,,,TRUE
Food & Drink,Detroit,Green Dot Stables,https://greendotstables.cardfoundry.com/giftcards.php,,,TRUE
Food & Drink,Detroit,Johnny Noodle King,https://greendotstables.cardfoundry.com/giftcards.php,,,TRUE
Food & Drink,Kalamazoo,Food Dance,https://fooddance.net/product/gift-cards/,,,TRUE
Food & Drink,Bloomfield|Clarkston|Dearborn|Detroit|Fenton|Livonia|Sterling Heights|Warren,Andiamo,https://andiamoitalia.com/gift-cards/,,,TRUE
Food & Drink,Ann Arbor|Auburn Hills|Bloomfield Hills|Dearborn|Detroit|Farmington Hills|Grand Rapids|Grosse Pointe|Lansing|Livonia|Novi|Plymouth|Royal Oak|Shelby Township|Warren|Woodhaven,Buddy's Pizza,https://www.buddyspizza.com/shop,,,TRUE
Food & Drink,Dearborn|Detroit,Brome Modern Eatery,https://bromemoderneatery.com/giftcards/,,,TRUE
Food & Drink,Canton|Dearborn Heights|Farmington Hills,Antonio's Cucina Italiana,https://antoniosrestaurants.localgiftcards.com/,,,TRUE
Food & Drink,Dearborn,Roman Village Cucina Italiana,https://antoniosrestaurants.localgiftcards.com/,,,TRUE
Food & Drink,Livonia,Antontio's Piccolo Ristorante,https://antoniosrestaurants.localgiftcards.com/,,,TRUE
Food & Drink,Kalamazoo,Rustica,https://rusticakzoo.com/gift-cards/,,,TRUE
Food & Drink,Kalamazoo,Zooroona Restaurant,https://zooroonarestaurant.com/zooroona-gift-certificates/,,,TRUE
Food & Drink,Grand Rapids|Grandville|Holland|Kalamazoo|Westland|Farmington Hills|Ann Arbor,Anna's House,https://annashouse.cardfoundry.com/giftcards.php,,,TRUE
Food & Drink,Kalamazoo,The Union,https://millennium.securetree.com/,,,TRUE
Food & Drink,Kalamazoo,Central City Tap House,https://millennium.securetree.com/,,,TRUE
Food & Drink,Portage,Centre Street Tap House,https://millennium.securetree.com/,,,TRUE
Food & Drink,Kalamazoo,600 Kitchen & Bar,https://millennium.securetree.com/,,,TRUE
Food & Drink,Portage,COVE Lakeside Bistro,https://millennium.securetree.com/,,,TRUE
Food & Drink,Fortage,Fieldstone Grill,https://millennium.securetree.com/,,,TRUE
Food & Drink,South Haven,Idler Riverboat & Dockside,https://millennium.securetree.com/,,,TRUE
Food & Drink,Kalamazoo,The Wine Loft,https://millennium.securetree.com/,,,TRUE
Food & Drink,Kalamazoo,Martell's,https://millennium.securetree.com/,,,TRUE
Books & Gifts,Ann Arbor,Nicola's Books,https://www.nicolasbooks.com/gift-cards,,,TRUE
Food & Drink,Chelsea,Cleary's Pub,https://www.toasttab.com/clearys-pub-clearys-pub/giftcards,,,TRUE
Food & Drink,Ann Arbor,Blind Pig / 8 Ball Saloon,https://www.toasttab.com/blingpig/giftcards,,,TRUE
Food & Drink,Grand Rapids,Kingfisher Restaurant & Deli,https://www.toasttab.com/kingfisherrestaurantanddeli/giftcards,,,TRUE
Food & Drink,Grand Rapids,Littlebird,https://squareup.com/gift/9QH609KF8TBC2/order,,,TRUE
Food & Drink,Grand Rapids,That Early Bird,https://squareup.com/gift/9QH609KF8TBC2/order,,,TRUE
Books & Gifts,Ann Arbor,Bookbound Bookstore,https://bookboundbookstore.com/,,,TRUE
Food & Drink,Ypsilanti,Go! Ice Cream,https://goicecreamgo.com/product/gift-cards/,,,TRUE
Food & Drink,Ypsilanti,Haabâ€™s,http://haabsrestaurant.com/gift-certificates/,,,TRUE
Barbers & Salons,Detroit|Ferndale,Detroit Barbers,https://detroitbarbers.com/collections/gift-cards,,,
Barbers & Salons,Grand Rapids,Henchmen House Barbershop,https://squareup.com/gift/N8MHQK0ZEV6YV/order,,,
Barbers & Salons,Holland,Harrington Salon & Day Spa,https://www.harrington-salon.com/gift-cards,,,
Barbers & Salons,Holt,Steven L. Marvin Salon and Wellness Spa,https://stevenlmarvin.com/gift-certificates/,,,
Barbers & Salons,Birmingham,Antonino Salon and Spa,https://antoninosalon.com/services/gift-certificates/,,,
Barbers & Salons,Novi,Visions Spa Salon,https://visionsspasalon.millenniumegift.com/,,,
Barbers & Salons,Ann Arbor,Avissa Skin+Body,https://avissasalon.com/salon-gift-cards-ann-arbor-michigan/,,,
Barbers & Salons,Frankenmuth|Linden,Serndipity Wellness Spa,https://www.serendipitydayspas.com/Wellness-Spa-Gift-Cards-Linden-Frankenmuth,,,
Barbers & Salons,Grandville|Grand Rapids|Portage,Design1 Salon Spa,https://design1.millenniumegift.com/,,,
Barbers & Salons,Sterling Heights,Studio 9 Salon,https://studio9salon.com/studio-9-salon-gift-cards/,,,
Barbers & Salons,Grand Rapids,The Woodhouse Day Spa,https://grandrapids.woodhousespas.com/purchase-gift-card,,,
Barbers & Salons,Portage,Eve Salonspa,http://www.evesalonspa.com/gift-certificates,,,
Barbers & Salons,Southfield,Pigalle Salon & MedSpa,https://www.pigallesalon.com/gift-cards/,,,
Barbers & Salons,Saginaw,Ana Luis Salon & Day Spa,https://www.analuisdayspa.com/instant-gift-certificates,,,
Barbers & Salons,Jackson,Personal Images Salon & Day Spa,http://www.personalimages.net/online-gift-cards/,,,
Barbers & Salons,Canton|Dearborn Heights|Farmington Hills,Indigo Salon Spa & Boutique,https://indigosalonspa.boomtime.com/lgift,,,
Barbers & Salons,Traverse City,Impres Salon Spa,https://www.impressalon.com/gift-certificates/,,,
Books & Gifts,Cadillac|Traverse City,Horizon Books,https://www.horizonbooks.com/gift%20certificate/gift-certificate,,,
Books & Gifts,Traverse City,Brilliant Books,https://www.brilliant-books.net/online-egift-card,,,
Food & Drink,Ann Arbor|Charlevoix|Frankenmuth|Glen Arbor|Holland|Traverse City,Cherry Republic,https://cherryrepublic.com/gifts/gift-cards/,,,
Books & Gifts,Ann Arbor,The Himalyan Bazaar,https://squareup.com/gift/7K3TABMCGXEMW/order,,,
Books & Gifts,Ann Arbor,Found,https://foundgallery.com/products/found-gift-card,,,
Books & Gifts,Royal Oak,Made In The Mitten,https://www.madeinthemittenstore.com/products/made-in-the-mitten-gift-card,,,
Books & Gifts,Ann Arbor|Grand Rapids,Roeda Studio,https://roedastudio.com/shop-metal-art/brighten-your-life/gift-certificate/,,,
Other,Ann Arbor|Detroit|Novi,The M Den,https://www.mden.com/gift-cards.html#1,,,
Food & Drink,Zeeland,La Creme,https://www.lacremezeeland.com/e-gift-cards.html,,,
Food & Drink,Fenton,Crust,https://crustandbeyond.com/product/crust-gift-cards/crust-gift-card-with-donation-option/,,,
Food & Drink,Flint,Blackstone's Steakhouse,https://www.blackstonessmokehouse.com/,,,
Food & Drink,Frankenmuth,Bavarian Inn Restaurant & Lodge,https://onlinestore.bavarianinn.com/collections/gift-card,,,
Food & Drink,Frankenmuth,Zehnder's of Frankenmuth,https://www.zehndersstore.com/product/zehnders-gift-cards/,,,
Food & Drink,Bloomfield Hills|Detroit,Joe Muer,https://joemuer.com/shop/,,,
Food & Drink,Birmingham,Mad Hatter Bistro,https://www.toasttab.com/mad-hatter-bistro-birmingham/giftcards,,,
Food & Drink,Birmingham,Tallullah Wine Bar and Bistro,https://giftup.app/place-order/4c1e437d-5102-4243-82ef-8267e9d715e9?platform=Hosted,,,
Food & Drink,Shelby Township,Detroit Fish House,https://detroitfishhouse.com/gift-certificates/,,,
Food & Drink,Birmingham|Northville,Hyde Park Prime Steakhouse,http://hydeparkgiftcards-com.3dcartstores.com/Hyde-Park-Gift-Card-20-off-Promotion_p_13.html,,,
Food & Drink,Grand Rapids,Max's South Seas Hideaway,https://www.toasttab.com/maxs-south-seas-hideaway/giftcards,,,
Food & Drink,Grand Rapids,Leo's Restaurant,https://www.leosrestaurant.com/store/gift-certificates,,,
Food & Drink,Trenton,Roundhouse BBQ,https://www.toasttab.com/round-house-bbq/giftcards,,,
Food & Drink,Trenton,Truago,https://www.toasttab.com/truago/giftcards,,,
Food & Drink,Fenton,The Laundry,https://lunchandbeyond.com/shop/gift-cards/laundry-gift-card-with-donation-option/,,,
Food & Drink,Traverse City,Peegeo's,https://www.peegeos.com/get-the-gear/,,,
Food & Drink,Detroit,FOLK,https://www.toasttab.com/folk/giftcards,,,
Food & Drink,Detroit,Mudgie's Deli,https://www.toasttab.com/mudgies-deli/giftcards,,,
Food & Drink,Flint,The Eberson,https://www.toasttab.com/the-eberson/giftcards,,,
Food & Drink,Flint,Xolo,https://www.toasttab.com/xolo/giftcards,,,
Food & Drink,Traverse City,Red Mesa Grill,https://www.magnumhospitality.com/gift-cards/,,,
Food & Drink,Traverse City,Taproot Cider House,https://www.toasttab.com/taprootciderhouse/giftcards,,,
Food & Drink,Saginaw,Beef O'Brady's,https://www.beefobradys.com/gift-cards.aspx,,,
Food & Drink,Saugatuck,Coast 236 Restaurant & Bar,https://www.toasttab.com/coast236/giftcards,,,
Food & Drink,Saugatuck,Grow Cafe & Bistro,https://www.toasttab.com/grow-cafe-bistro-302-culver-st/giftcards,,,
Food & Drink,Saugatuck,Lucy's Sauggy Dollar Bar,https://www.toasttab.com/lucys-little-kitchen/giftcards,,,
Food & Drink,Saugatuck,Mermaid Waterfront Bar & Grill,https://www.toasttab.com/mermaid-bar-and-grill/giftcards,,,
Food & Drink,Holland,Crust 54,https://www.toasttab.com/crust-54-8th-street/giftcards,,,
Food & Drink,Saugatuck|Douglas|Kalamazoo,Saugatuck Brewing Co.,https://saugatuckbrewing.com/store/,,,
Food & Drink,Holland,Ottawa Beach Inn,https://www.toasttab.com/ottawa-beach-inn/giftcards,,,
Food & Drink,Grand Haven|Holland,The Paisley Pig Gastropub,https://www.toasttab.com/the-paisley-pig-gastropub-holland/giftcards?,,,
Food & Drink,Holland,Waverly Stone Gastropub,https://www.toasttab.com/waverlystonepub/giftcards,,,
Food & Drink,Traverse City,Rare Bird Brewpub,https://rarebirdbrewpub.com/giftcards/,,,
Food & Drink,Detroit,Republic Tavern,https://www.itson.me/widget/74-1506-republic-tavern#/merchant/1506,,,
Food & Drink,Detroit|East Lansing|Grand Rapids|Kalamazoo|Midland|Okemos,Maru Sushi & Grill,https://www.toasttab.com/maru-okemos/giftcards,,,
Food & Drink,Ann Arbor,Blind Pig / 8 Ball Saloon,https://www.toasttab.com/blingpig/giftcards,,,
Food & Drink,Detroit,The Whitney,https://onelink.quickgifts.com/merchant/the-whitney/,,,
Food & Drink,Detroit,Lady of the House,https://ecommerce.custcon.com/Purchase/Select?c=90397003-4fde-40fd-8b5b-96a818c2f41f,,,
Food & Drink,Detroit,She Wolf Pastifico & Bar,https://swipeit.com/product/1469/shewolf-pastificio--bar,,,
Food & Drink,Detroit,Detroit Vegan Soul,http://www.detroitvegansoul.com/shop,,,
Food & Drink,Detroit,BESA,https://giftup.app/place-order/14441e34-916c-4542-b73f-66f711dad581?platform=Hosted,,,
Food & Drink,Detroit,Supino Pizzeria,https://www.supinopizzeria.com/shop-online/supino-pizzeria-gift-card,,,
Food & Drink,Canton,Canton Brew Works,https://squareup.com/gift/14Y45EFKSH7R9/order,,,
Food & Drink,Chelsea,Chelsea Alehouse Brewery,https://chelsea-alehouse.square.site/,,,
Food & Drink,Tecumseh,Tecumseh Brewing Co.,https://shop.tecumsehbrewingco.com/,,,
Food & Drink,Petoskey,Beards Brewery,https://shop.beardsbrewery.com/collections/gift-cards,,,
Food & Drink,Ann Arbor,The Jefferson Market,https://squareup.com/gift/VAB32FSYMPVAX/order,,,
Food & Drink,Ypsilanti ,MAIZ Mexican Cantina,https://www.toasttab.com/maiz-mexican-cantina/giftcards,,,
Food & Drink,Ferndale,Imperial,https://squareup.com/gift/P1XCJH02XDJ1B/order,,,
Food & Drink,Saint Johns,Waypoint Coffee Company,https://squareup.com/gift/0VY8JAS28X52E/order,,,
Food & Drink,Ann Arbor,Cafe Royale,https://swipeit.com/product/436/espresso-royale,,,
Food & Drink,Marquette ,Java Bay,https://squareup.com/gift/90663SHZFMBQY/order,,,
Food & Drink,Owosso,Wrought Iron Grill,https://wroughtirongrill.com/gift-cards/,,,
Other,Ann Arbor,The Getup Vintage,https://squareup.com/gift/REGWK37MB29PZ/order,,,